Workbook

Sheet UMBmark Data
A1: UMBmark Differential-Drive Odometry Calibration — 10 Runs
A2: Enter absolute endpoint and odometry endpoint for each run. Use the same coordinate frame for all runs.
A4: Run | B4: Direction | C4: X_abs (m) | D4: Y_abs (m) | E4: Theta_abs (deg) | F4: X_odom (m) | G4: Y_odom (m) | H4: Theta_odom (deg) | I4: ΔX = abs-odom (m) | J4: ΔY = abs-odom (m) | K4: ΔTheta (deg) | L4: Notes
A5: 1 | B5: CW | I5: =C5-F5 | J5: =D5-G5 | K5: =E5-H5
A6: 2 | B6: CW | I6: =C6-F6 | J6: =D6-G6 | K6: =E6-H6
A7: 3 | B7: CW | I7: =C7-F7 | J7: =D7-G7 | K7: =E7-H7
A8: 4 | B8: CW | I8: =C8-F8 | J8: =D8-G8 | K8: =E8-H8
A9: 5 | B9: CW | I9: =C9-F9 | J9: =D9-G9 | K9: =E9-H9
A10: 6 | B10: CCW | I10: =C10-F10 | J10: =D10-G10 | K10: =E10-H10
A11: 7 | B11: CCW | I11: =C11-F11 | J11: =D11-G11 | K11: =E11-H11
A12: 8 | B12: CCW | I12: =C12-F12 | J12: =D12-G12 | K12: =E12-H12
A13: 9 | B13: CCW | I13: =C13-F13 | J13: =D13-G13 | K13: =E13-H13
A14: 10 | B14: CCW | I14: =C14-F14 | J14: =D14-G14 | K14: =E14-H14

Sheet Parameters
A1: UMBmark Parameters
A3: Square side L (m) | B3: 4 | C3: Classic UMBmark uses a 4 m × 4 m square.
A4: Nominal wheelbase b_nominal (m) | B4: 0.3 | C4: Distance between left/right wheel contact points.
A5: Nominal/average wheel diameter D_avg (m) | B5: 0.1 | C5: Use measured/calibrated average diameter before UMBmark.

Sheet Calculations
A1: UMBmark Automatic Calculation
A3: CW centroid ΔX (m) | B3: =AVERAGE('UMBmark Data'!I5:I9) | D3: Interpretation
A4: CW centroid ΔY (m) | B4: =AVERAGE('UMBmark Data'!J5:J9) | D4: Type A ≈ wheelbase/effective turning error
A5: CCW centroid ΔX (m) | B5: =AVERAGE('UMBmark Data'!I10:I14) | D5: Type B ≈ unequal wheel diameter error
A6: CCW centroid ΔY (m) | B6: =AVERAGE('UMBmark Data'!J10:J14) | D6: Emax,syst = larger CW/CCW centroid radius
A7: CW centroid radius (m) | B7: =SQRT(B3^2+B4^2) | D7: Eb > 1 means corrected effective wheelbase is larger than nominal
A8: CCW centroid radius (m) | B8: =SQRT(B5^2+B6^2) | D8: Ed = D_R / D_L; Ed = 1 means equal effective diameters
A9: Emax,syst (m) | B9: =MAX(B7:B8) | D9: cL/cR preserve D_avg while compensating Ed
A10: Emax,syst (mm) | B10: =B9*1000
A11: Alpha_x (deg) | B11: =-(B3+B5)/(4*Parameters!B3)*180/PI()
A12: Alpha_y (deg) | B12: =-(B4-B6)/(4*Parameters!B3)*180/PI()
A13: Alpha_UMB (deg) | B13: =AVERAGE(B11:B12)
A14: Type A error magnitude (deg) | B14: =ABS(B13)
A15: Beta_x (deg) | B15: =-(B3-B5)/(4*Parameters!B3)*180/PI()
A16: Beta_y (deg) | B16: =-(B4+B6)/(4*Parameters!B3)*180/PI()
A17: Beta_UMB (deg) | B17: =AVERAGE(B15:B16)
A18: Type B error magnitude (deg) | B18: =ABS(B17)
A19: Radius of unintended curvature R (m) | B19: =IF(ABS(B17)<1E-12,1E99,(Parameters!B3/2)/SIN(RADIANS(B17)/2))
A20: Ed = D_R / D_L | B20: =IF(ABS(B19)>1E90,1,(B19+Parameters!B4/2)/(B19-Parameters!B4/2))
A21: Eb = b_actual / b_nominal | B21: =90/(90-B13)
A22: Corrected wheelbase b_actual (m) | B22: =Parameters!B4*B21
A23: Left wheel correction factor cL | B23: =2/(B20+1)
A24: Right wheel correction factor cR | B24: =2/((1/B20)+1)
A25: Corrected left wheel diameter D_L (m) | B25: =Parameters!B5*B23
A26: Corrected right wheel diameter D_R (m) | B26: =Parameters!B5*B24

Sheet Formula Reference
A1: Formula Reference
A3: Endpoint error | B3: ΔX = X_abs − X_odom; ΔY = Y_abs − Y_odom
A4: Centroid | B4: x_CW = mean(ΔX_CW); y_CW = mean(ΔY_CW); similarly for CCW
A5: Centroid radius | B5: r_CW = sqrt(x_CW² + y_CW²); r_CCW = sqrt(x_CCW² + y_CCW²)
A6: Emax,syst | B6: max(r_CW, r_CCW)
A7: Type A / alpha_x | B7: −(x_CW + x_CCW)/(4L) × 180/π
A8: Type A / alpha_y | B8: −(y_CW − y_CCW)/(4L) × 180/π
A9: Type A representative | B9: alpha_UMB = (alpha_x + alpha_y)/2
A10: Type B / beta_x | B10: −(x_CW − x_CCW)/(4L) × 180/π
A11: Type B / beta_y | B11: −(y_CW + y_CCW)/(4L) × 180/π
A12: Type B representative | B12: beta_UMB = (beta_x + beta_y)/2
A13: Curvature radius | B13: R = (L/2) / sin(beta_UMB/2)
A14: Wheel diameter ratio | B14: Ed = D_R/D_L = (R + b/2)/(R − b/2)
... A20: Corrected right diameter | B20: D_R = cR × D_avg
